symbol,Date,Open,High,Low,Close,Volume,Dividends,Stock Splits,Capital Gains
SEL.NS,2023-08-31 00:00:00+05:30,250.0,262.5,237.5,262.3500061035156,502400,0.0,0.0,0.0
SEL.NS,2023-09-01 00:00:00+05:30,269.0,275.45001220703125,250.25,275.45001220703125,128000,0.0,0.0,0.0
SEL.NS,2023-09-04 00:00:00+05:30,270.0,271.0,261.70001220703125,261.70001220703125,64000,0.0,0.0,0.0
SEL.NS,2023-09-05 00:00:00+05:30,249.3000030517578,255.0,248.64999389648438,248.9499969482422,35200,0.0,0.0,0.0
SEL.NS,2023-09-06 00:00:00+05:30,257.20001220703125,259.95001220703125,244.10000610351562,257.5,17600,0.0,0.0,0.0
SEL.NS,2023-09-07 00:00:00+05:30,257.0,258.95001220703125,244.64999389648438,244.64999389648438,33600,0.0,0.0,0.0
SEL.NS,2023-09-08 00:00:00+05:30,244.0,256.8500061035156,240.0,252.0,44800,0.0,0.0,0.0
SEL.NS,2023-09-11 00:00:00+05:30,255.0,255.0,247.0,247.0,17600,0.0,0.0,0.0
SEL.NS,2023-09-12 00:00:00+05:30,247.5,247.5,234.64999389648438,234.64999389648438,24000,0.0,0.0,0.0
SEL.NS,2023-09-13 00:00:00+05:30,222.9499969482422,222.9499969482422,222.9499969482422,222.9499969482422,1600,0.0,0.0,0.0
SEL.NS,2023-09-14 00:00:00+05:30,223.0500030517578,247.0,204.0,246.0,40000,0.0,0.0,0.0
SEL.NS,2023-09-15 00:00:00+05:30,246.0,260.0,236.89999389648438,236.9499969482422,22400,0.0,0.0,0.0
SEL.NS,2023-09-18 00:00:00+05:30,236.9499969482422,236.9499969482422,230.10000610351562,233.0,4800,0.0,0.0,0.0
SEL.NS,2023-09-20 00:00:00+05:30,231.10000610351562,231.10000610351562,218.0,224.0,17600,0.0,0.0,0.0
SEL.NS,2023-09-21 00:00:00+05:30,218.0,218.0,206.0,206.0,12800,0.0,0.0,0.0
SEL.NS,2023-09-22 00:00:00+05:30,208.0,218.9499969482422,208.0,218.6999969482422,11200,0.0,0.0,0.0
SEL.NS,2023-09-25 00:00:00+05:30,222.0,222.0,222.0,222.0,1600,0.0,0.0,0.0
SEL.NS,2023-09-26 00:00:00+05:30,201.0,215.0,195.0,215.0,16000,0.0,0.0,0.0
SEL.NS,2023-09-27 00:00:00+05:30,210.0,210.0,210.0,210.0,1600,0.0,0.0,0.0
SEL.NS,2023-09-28 00:00:00+05:30,212.5,218.39999389648438,212.5,217.89999389648438,14400,0.0,0.0,0.0
SEL.NS,2023-09-29 00:00:00+05:30,200.5,239.0,200.5,223.4499969482422,11200,0.0,0.0,0.0
SEL.NS,2023-10-03 00:00:00+05:30,223.4499969482422,223.4499969482422,223.4499969482422,223.4499969482422,0,0.0,0.0,0.0
SEL.NS,2023-10-04 00:00:00+05:30,224.3000030517578,224.3000030517578,216.0,216.0,4800,0.0,0.0,0.0
SEL.NS,2023-10-05 00:00:00+05:30,216.0,216.0,216.0,216.0,0,0.0,0.0,0.0
SEL.NS,2023-10-06 00:00:00+05:30,216.0,216.0,216.0,216.0,0,0.0,0.0,0.0
SEL.NS,2023-10-09 00:00:00+05:30,201.5,204.8000030517578,180.0,191.75,51200,0.0,0.0,0.0
SEL.NS,2023-10-10 00:00:00+05:30,190.0,190.0,180.5,186.25,32000,0.0,0.0,0.0
SEL.NS,2023-10-11 00:00:00+05:30,190.0,210.0,190.0,209.0,20800,0.0,0.0,0.0
SEL.NS,2023-10-12 00:00:00+05:30,201.0500030517578,208.0,193.5,199.35000610351562,30400,0.0,0.0,0.0
SEL.NS,2023-10-13 00:00:00+05:30,199.0,199.0,190.0500030517578,196.0,11200,0.0,0.0,0.0
SEL.NS,2023-10-16 00:00:00+05:30,198.14999389648438,198.14999389648438,192.0500030517578,197.9499969482422,6400,0.0,0.0,0.0
SEL.NS,2023-10-17 00:00:00+05:30,197.9499969482422,207.0,197.9499969482422,203.0,24000,0.0,0.0,0.0
SEL.NS,2023-10-18 00:00:00+05:30,215.0,215.0,200.0,200.0,4800,0.0,0.0,0.0
SEL.NS,2023-10-19 00:00:00+05:30,196.8000030517578,196.8000030517578,194.0,195.0,6400,0.0,0.0,0.0
SEL.NS,2023-10-20 00:00:00+05:30,203.5,203.5,203.5,203.5,1600,0.0,0.0,0.0
SEL.NS,2023-10-23 00:00:00+05:30,210.0,210.0,190.14999389648438,198.0,11200,0.0,0.0,0.0
SEL.NS,2023-10-25 00:00:00+05:30,196.0,196.0,196.0,196.0,1600,0.0,0.0,0.0
SEL.NS,2023-10-26 00:00:00+05:30,199.0,199.0,198.0,198.0,3200,0.0,0.0,0.0
SEL.NS,2023-10-27 00:00:00+05:30,198.0,198.0,198.0,198.0,0,0.0,0.0,0.0
SEL.NS,2023-10-30 00:00:00+05:30,195.0,204.5,195.0,204.0,6400,0.0,0.0,0.0
SEL.NS,2023-10-31 00:00:00+05:30,203.5,203.5,196.0,199.0,2400,0.0,0.0,0.0
SEL.NS,2023-11-01 00:00:00+05:30,199.0,199.0,199.0,199.0,800,0.0,0.0,0.0
SEL.NS,2023-11-02 00:00:00+05:30,199.89999389648438,200.0,191.0,191.0,4000,0.0,0.0,0.0
SEL.NS,2023-11-03 00:00:00+05:30,191.0,191.0,191.0,191.0,1600,0.0,0.0,0.0
SEL.NS,2023-11-06 00:00:00+05:30,199.0,199.0,192.0,192.0,4000,0.0,0.0,0.0
SEL.NS,2023-11-07 00:00:00+05:30,190.0,199.9499969482422,183.10000610351562,189.0,17600,0.0,0.0,0.0
SEL.NS,2023-11-08 00:00:00+05:30,197.0,197.0,192.0,192.0,2400,0.0,0.0,0.0
SEL.NS,2023-11-09 00:00:00+05:30,170.5,172.0,155.0,167.9499969482422,53600,0.0,0.0,0.0
SEL.NS,2023-11-10 00:00:00+05:30,161.0,169.0,161.0,169.0,4000,0.0,0.0,0.0
SEL.NS,2023-11-13 00:00:00+05:30,173.0,173.0,172.0,172.0,1600,0.0,0.0,0.0
SEL.NS,2023-11-15 00:00:00+05:30,174.0,174.0,172.0,172.0,1600,0.0,0.0,0.0
SEL.NS,2023-11-16 00:00:00+05:30,172.0,172.0,169.0,169.5,3200,0.0,0.0,0.0
SEL.NS,2023-11-17 00:00:00+05:30,164.5,203.39999389648438,150.0,203.39999389648438,60800,0.0,0.0,0.0
SEL.NS,2023-11-20 00:00:00+05:30,218.0,225.8000030517578,206.0,210.25,44000,0.0,0.0,0.0
SEL.NS,2023-11-21 00:00:00+05:30,224.9499969482422,224.9499969482422,216.0,216.0,17600,0.0,0.0,0.0
SEL.NS,2023-11-22 00:00:00+05:30,220.35000610351562,228.5,215.0,216.14999389648438,8800,0.0,0.0,0.0
SEL.NS,2023-11-23 00:00:00+05:30,216.14999389648438,216.14999389648438,216.14999389648438,216.14999389648438,800,0.0,0.0,0.0
SEL.NS,2023-11-24 00:00:00+05:30,213.5,213.5,213.35000610351562,213.35000610351562,2400,0.0,0.0,0.0
SEL.NS,2023-11-28 00:00:00+05:30,205.0,205.0,180.5,182.35000610351562,3200,0.0,0.0,0.0
SEL.NS,2023-11-29 00:00:00+05:30,182.35000610351562,182.35000610351562,182.35000610351562,182.35000610351562,0,0.0,0.0,0.0
SEL.NS,2023-11-30 00:00:00+05:30,191.5,198.0,191.5,198.0,4000,0.0,0.0,0.0
SEL.NS,2023-12-01 00:00:00+05:30,210.0,225.0,210.0,215.0,28000,0.0,0.0,0.0
SEL.NS,2023-12-04 00:00:00+05:30,215.0,218.9499969482422,210.0,210.0,10400,0.0,0.0,0.0
SEL.NS,2023-12-05 00:00:00+05:30,210.0,214.25,203.5,211.35000610351562,10400,0.0,0.0,0.0
SEL.NS,2023-12-06 00:00:00+05:30,211.35000610351562,211.35000610351562,211.35000610351562,211.35000610351562,0,0.0,0.0,0.0
SEL.NS,2023-12-07 00:00:00+05:30,211.0,211.0,201.0,201.0,1600,0.0,0.0,0.0
SEL.NS,2023-12-08 00:00:00+05:30,201.0,201.0,201.0,201.0,800,0.0,0.0,0.0
SEL.NS,2023-12-11 00:00:00+05:30,210.0,215.0,210.0,214.75,5600,0.0,0.0,0.0
SEL.NS,2023-12-12 00:00:00+05:30,201.0,201.0,199.0,199.4499969482422,6400,0.0,0.0,0.0
SEL.NS,2023-12-13 00:00:00+05:30,199.4499969482422,199.4499969482422,190.0500030517578,194.1999969482422,3200,0.0,0.0,0.0
SEL.NS,2023-12-14 00:00:00+05:30,194.1999969482422,194.1999969482422,194.1999969482422,194.1999969482422,800,0.0,0.0,0.0
SEL.NS,2023-12-15 00:00:00+05:30,209.0,210.0,208.9499969482422,208.9499969482422,4800,0.0,0.0,0.0
SEL.NS,2023-12-18 00:00:00+05:30,217.0,217.0,206.5,212.89999389648438,6400,0.0,0.0,0.0
SEL.NS,2023-12-19 00:00:00+05:30,208.0,215.0,208.0,210.5,10400,0.0,0.0,0.0
SEL.NS,2023-12-20 00:00:00+05:30,212.75,212.75,198.0,200.0,4000,0.0,0.0,0.0
SEL.NS,2023-12-21 00:00:00+05:30,200.0,200.0,200.0,200.0,0,0.0,0.0,0.0
SEL.NS,2023-12-22 00:00:00+05:30,200.0,203.0,200.0,201.0,6400,0.0,0.0,0.0
SEL.NS,2023-12-26 00:00:00+05:30,198.0,201.0,195.0,195.0,5600,0.0,0.0,0.0
SEL.NS,2023-12-27 00:00:00+05:30,195.0,195.0,195.0,195.0,0,0.0,0.0,0.0
SEL.NS,2023-12-28 00:00:00+05:30,197.0,197.0,197.0,197.0,800,0.0,0.0,0.0
SEL.NS,2023-12-29 00:00:00+05:30,201.0,203.0,200.0,203.0,3200,0.0,0.0,0.0
SEL.NS,2024-01-01 00:00:00+05:30,200.0,207.0,200.0,204.0,5600,0.0,0.0,0.0
SEL.NS,2024-01-02 00:00:00+05:30,196.5,214.0,196.5,207.3000030517578,8800,0.0,0.0,0.0
SEL.NS,2024-01-03 00:00:00+05:30,207.39999389648438,220.0,207.39999389648438,213.0,9600,0.0,0.0,0.0
SEL.NS,2024-01-04 00:00:00+05:30,220.0,254.75,220.0,241.4499969482422,44800,0.0,0.0,0.0
SEL.NS,2024-01-05 00:00:00+05:30,246.0,270.0,246.0,267.8999938964844,43200,0.0,0.0,0.0
SEL.NS,2024-01-08 00:00:00+05:30,267.8999938964844,271.0,267.8999938964844,269.5,11200,0.0,0.0,0.0
SEL.NS,2024-01-09 00:00:00+05:30,275.0,275.0,255.0,255.0,6400,0.0,0.0,0.0
SEL.NS,2024-01-10 00:00:00+05:30,255.0,255.0,255.0,255.0,800,0.0,0.0,0.0
SEL.NS,2024-01-11 00:00:00+05:30,250.0,255.0,242.25,242.25,5600,0.0,0.0,0.0
SEL.NS,2024-01-12 00:00:00+05:30,235.5,235.5,230.14999389648438,230.14999389648438,9600,0.0,0.0,0.0
SEL.NS,2024-01-15 00:00:00+05:30,230.14999389648438,230.14999389648438,230.14999389648438,230.14999389648438,0,0.0,0.0,0.0
SEL.NS,2024-01-16 00:00:00+05:30,235.14999389648438,236.25,234.0,236.25,7200,0.0,0.0,0.0
SEL.NS,2024-01-17 00:00:00+05:30,225.0,248.0500030517578,225.0,248.0500030517578,8800,0.0,0.0,0.0
SEL.NS,2024-01-18 00:00:00+05:30,248.0500030517578,250.0,236.0,236.0,4800,0.0,0.0,0.0
SEL.NS,2024-01-19 00:00:00+05:30,247.8000030517578,247.8000030517578,231.0,231.0,1600,0.0,0.0,0.0
SEL.NS,2024-01-23 00:00:00+05:30,254.64999389648438,254.64999389648438,254.0,254.64999389648438,24000,0.0,0.0,0.0
SEL.NS,2024-01-24 00:00:00+05:30,267.3500061035156,267.3500061035156,260.0,267.3500061035156,55200,0.0,0.0,0.0
SEL.NS,2024-01-25 00:00:00+05:30,280.0,280.70001220703125,280.0,280.70001220703125,3200,0.0,0.0,0.0
SEL.NS,2024-01-29 00:00:00+05:30,280.70001220703125,280.70001220703125,280.70001220703125,280.70001220703125,0,0.0,0.0,0.0
SEL.NS,2024-01-30 00:00:00+05:30,309.3999938964844,309.3999938964844,309.3999938964844,309.3999938964844,4800,0.0,0.0,0.0
SEL.NS,2024-01-31 00:00:00+05:30,324.8500061035156,324.8500061035156,293.95001220703125,307.75,55200,0.0,0.0,0.0
SEL.NS,2024-02-01 00:00:00+05:30,307.75,313.0,292.3999938964844,292.3999938964844,12800,0.0,0.0,0.0
SEL.NS,2024-02-02 00:00:00+05:30,296.0,296.0,277.79998779296875,278.0,12800,0.0,0.0,0.0
SEL.NS,2024-02-05 00:00:00+05:30,291.8999938964844,291.8999938964844,288.0,291.8999938964844,11200,0.0,0.0,0.0
SEL.NS,2024-02-06 00:00:00+05:30,306.45001220703125,306.45001220703125,306.45001220703125,306.45001220703125,7200,0.0,0.0,0.0
SEL.NS,2024-02-07 00:00:00+05:30,321.70001220703125,321.75,321.0,321.75,13600,0.0,0.0,0.0
SEL.NS,2024-02-08 00:00:00+05:30,337.79998779296875,337.79998779296875,306.0,306.0,14400,0.0,0.0,0.0
SEL.NS,2024-02-09 00:00:00+05:30,290.75,291.5,290.70001220703125,290.70001220703125,8000,0.0,0.0,0.0
SEL.NS,2024-02-12 00:00:00+05:30,278.04998779296875,278.04998779296875,276.20001220703125,276.20001220703125,4000,0.0,0.0,0.0
SEL.NS,2024-02-13 00:00:00+05:30,262.3999938964844,262.3999938964844,262.3999938964844,262.3999938964844,7200,0.0,0.0,0.0
SEL.NS,2024-02-14 00:00:00+05:30,265.0,272.29998779296875,260.0,265.0,6400,0.0,0.0,0.0
SEL.NS,2024-02-15 00:00:00+05:30,266.04998779296875,278.25,266.04998779296875,278.25,4800,0.0,0.0,0.0
SEL.NS,2024-02-16 00:00:00+05:30,292.1499938964844,292.1499938964844,292.0,292.1499938964844,6400,0.0,0.0,0.0
SEL.NS,2024-02-19 00:00:00+05:30,306.75,306.75,305.0,306.0,8800,0.0,0.0,0.0
SEL.NS,2024-02-20 00:00:00+05:30,321.29998779296875,321.29998779296875,290.70001220703125,319.95001220703125,12000,0.0,0.0,0.0
SEL.NS,2024-02-21 00:00:00+05:30,305.0,308.0,303.95001220703125,308.0,5600,0.0,0.0,0.0
SEL.NS,2024-02-22 00:00:00+05:30,308.0,308.0,308.0,308.0,0,0.0,0.0,0.0
SEL.NS,2024-02-23 00:00:00+05:30,294.1000061035156,303.0,292.6000061035156,295.04998779296875,4800,0.0,0.0,0.0
SEL.NS,2024-02-26 00:00:00+05:30,309.5,309.79998779296875,301.5,309.6499938964844,12000,0.0,0.0,0.0
SEL.NS,2024-02-27 00:00:00+05:30,325.1000061035156,325.1000061035156,315.0,325.1000061035156,8800,0.0,0.0,0.0
SEL.NS,2024-02-28 00:00:00+05:30,310.0,338.70001220703125,310.0,318.0,7200,0.0,0.0,0.0
SEL.NS,2024-02-29 00:00:00+05:30,331.0,331.0,302.1000061035156,310.0,6400,0.0,0.0,0.0
SEL.NS,2024-03-01 00:00:00+05:30,302.0,315.0,302.0,315.0,2400,0.0,0.0,0.0
SEL.NS,2024-03-04 00:00:00+05:30,302.1000061035156,314.70001220703125,300.0,312.6499938964844,7200,0.0,0.0,0.0
SEL.NS,2024-03-05 00:00:00+05:30,300.0,300.0,297.04998779296875,299.0,4800,0.0,0.0,0.0
SEL.NS,2024-03-06 00:00:00+05:30,284.29998779296875,298.0,284.04998779296875,284.04998779296875,8800,0.0,0.0,0.0
SEL.NS,2024-03-07 00:00:00+05:30,289.79998779296875,292.0,289.79998779296875,290.0,5600,0.0,0.0,0.0
SEL.NS,2024-03-11 00:00:00+05:30,290.0,290.0,290.0,290.0,1600,0.0,0.0,0.0
SEL.NS,2024-03-12 00:00:00+05:30,276.0,276.0,275.5,275.5,2400,0.0,0.0,0.0
SEL.NS,2024-03-13 00:00:00+05:30,275.5,275.5,275.5,275.5,0,0.0,0.0,0.0
SEL.NS,2024-03-14 00:00:00+05:30,250.0,255.0,248.6999969482422,248.6999969482422,8800,0.0,0.0,0.0
SEL.NS,2024-03-18 00:00:00+05:30,240.0,240.0,236.3000030517578,236.3000030517578,4800,0.0,0.0,0.0
SEL.NS,2024-03-19 00:00:00+05:30,248.10000610351562,248.10000610351562,248.0,248.0,4800,0.0,0.0,0.0
SEL.NS,2024-03-20 00:00:00+05:30,248.0,248.0,248.0,248.0,800,0.0,0.0,0.0
SEL.NS,2024-03-21 00:00:00+05:30,248.0,248.0,248.0,248.0,0,0.0,0.0,0.0
SEL.NS,2024-03-22 00:00:00+05:30,248.0,248.0,235.60000610351562,235.60000610351562,12000,0.0,0.0,0.0
SEL.NS,2024-03-26 00:00:00+05:30,225.0,225.0,223.85000610351562,223.85000610351562,4800,0.0,0.0,0.0
SEL.NS,2024-03-27 00:00:00+05:30,220.0,220.0,212.64999389648438,212.64999389648438,8800,0.0,0.0,0.0
SEL.NS,2024-03-28 00:00:00+05:30,212.6999969482422,212.6999969482422,212.6999969482422,212.6999969482422,4000,0.0,0.0,0.0
SEL.NS,2024-04-01 00:00:00+05:30,223.3000030517578,223.3000030517578,223.3000030517578,223.3000030517578,2400,0.0,0.0,0.0
SEL.NS,2024-04-02 00:00:00+05:30,234.4499969482422,234.4499969482422,234.4499969482422,234.4499969482422,3200,0.0,0.0,0.0
SEL.NS,2024-04-03 00:00:00+05:30,234.4499969482422,234.4499969482422,234.4499969482422,234.4499969482422,0,0.0,0.0,0.0
SEL.NS,2024-04-04 00:00:00+05:30,233.4499969482422,233.4499969482422,222.75,226.0,8800,0.0,0.0,0.0
SEL.NS,2024-04-05 00:00:00+05:30,223.0,237.3000030517578,223.0,237.3000030517578,4800,0.0,0.0,0.0
SEL.NS,2024-04-08 00:00:00+05:30,226.10000610351562,227.3000030517578,226.10000610351562,227.3000030517578,1600,0.0,0.0,0.0
SEL.NS,2024-04-09 00:00:00+05:30,237.0,238.0,236.9499969482422,238.0,2400,0.0,0.0,0.0
SEL.NS,2024-04-10 00:00:00+05:30,246.8000030517578,246.8000030517578,230.0500030517578,238.5,4800,0.0,0.0,0.0
SEL.NS,2024-04-12 00:00:00+05:30,244.0,247.0,244.0,246.0,3200,0.0,0.0,0.0
SEL.NS,2024-04-15 00:00:00+05:30,234.14999389648438,235.10000610351562,234.0,234.0,4000,0.0,0.0,0.0
SEL.NS,2024-04-16 00:00:00+05:30,234.0,245.6999969482422,234.0,245.6999969482422,9600,0.0,0.0,0.0
SEL.NS,2024-04-18 00:00:00+05:30,257.95001220703125,257.95001220703125,257.95001220703125,257.95001220703125,4800,0.0,0.0,0.0
SEL.NS,2024-04-19 00:00:00+05:30,270.79998779296875,270.79998779296875,270.79998779296875,270.79998779296875,1600,0.0,0.0,0.0
SEL.NS,2024-04-22 00:00:00+05:30,284.29998779296875,284.29998779296875,284.29998779296875,284.29998779296875,800,0.0,0.0,0.0
SEL.NS,2024-04-23 00:00:00+05:30,298.5,298.5,298.5,298.5,1600,0.0,0.0,0.0
SEL.NS,2024-04-24 00:00:00+05:30,313.3999938964844,313.3999938964844,313.3999938964844,313.3999938964844,4800,0.0,0.0,0.0
SEL.NS,2024-04-25 00:00:00+05:30,328.0,329.04998779296875,316.0,329.04998779296875,24800,0.0,0.0,0.0
SEL.NS,2024-04-26 00:00:00+05:30,344.8999938964844,345.5,343.0,345.5,11200,0.0,0.0,0.0
SEL.NS,2024-04-29 00:00:00+05:30,362.75,362.75,362.75,362.75,5600,0.0,0.0,0.0
SEL.NS,2024-04-30 00:00:00+05:30,380.8500061035156,380.8500061035156,380.8500061035156,380.8500061035156,5200,0.0,0.0,0.0
SEL.NS,2024-05-02 00:00:00+05:30,399.8500061035156,399.8500061035156,399.8500061035156,399.8500061035156,2800,0.0,0.0,0.0
SEL.NS,2024-05-03 00:00:00+05:30,419.79998779296875,419.79998779296875,410.0,419.79998779296875,29600,0.0,0.0,0.0
SEL.NS,2024-05-06 00:00:00+05:30,440.5,440.75,425.0,436.0,50000,0.0,0.0,0.0
SEL.NS,2024-05-07 00:00:00+05:30,454.0,457.79998779296875,414.20001220703125,455.1499938964844,48000,0.0,0.0,0.0
SEL.NS,2024-05-08 00:00:00+05:30,474.0,474.0,432.3999938964844,432.3999938964844,18000,0.0,0.0,0.0
SEL.NS,2024-05-09 00:00:00+05:30,441.04998779296875,441.5,410.79998779296875,410.79998779296875,11200,0.0,0.0,0.0
SEL.NS,2024-05-10 00:00:00+05:30,390.29998779296875,390.29998779296875,390.29998779296875,390.29998779296875,4800,0.0,0.0,0.0
SEL.NS,2024-05-13 00:00:00+05:30,390.29998779296875,390.29998779296875,370.79998779296875,370.79998779296875,4800,0.0,0.0,0.0
SEL.NS,2024-05-14 00:00:00+05:30,354.5,382.0,354.5,373.6499938964844,16800,0.0,0.0,0.0
SEL.NS,2024-05-15 00:00:00+05:30,392.0,392.29998779296875,392.0,392.29998779296875,4400,0.0,0.0,0.0
SEL.NS,2024-05-16 00:00:00+05:30,411.5,411.8999938964844,400.0,410.95001220703125,11200,0.0,0.0,0.0
SEL.NS,2024-05-17 00:00:00+05:30,430.0,431.45001220703125,420.0,431.45001220703125,10400,0.0,0.0,0.0
SEL.NS,2024-05-21 00:00:00+05:30,475.6499938964844,475.6499938964844,465.0,475.6499938964844,7200,0.0,0.0,0.0
SEL.NS,2024-05-22 00:00:00+05:30,499.3999938964844,499.3999938964844,499.3999938964844,499.3999938964844,7200,0.0,0.0,0.0
SEL.NS,2024-05-23 00:00:00+05:30,524.3499755859375,524.3499755859375,474.45001220703125,475.70001220703125,24000,0.0,0.0,0.0
SEL.NS,2024-05-24 00:00:00+05:30,477.3500061035156,477.3999938964844,453.0,453.45001220703125,2800,0.0,0.0,0.0
SEL.NS,2024-05-27 00:00:00+05:30,440.0,457.0,430.79998779296875,450.5,10800,0.0,0.0,0.0
SEL.NS,2024-05-28 00:00:00+05:30,459.6000061035156,459.6000061035156,428.0,428.0,10800,0.0,0.0,0.0
SEL.NS,2024-05-29 00:00:00+05:30,407.1499938964844,449.3999938964844,407.0,449.20001220703125,15600,0.0,0.0,0.0
SEL.NS,2024-05-30 00:00:00+05:30,470.0,471.0,426.75,426.75,16800,0.0,0.0,0.0
SEL.NS,2024-05-31 00:00:00+05:30,405.45001220703125,406.0,405.45001220703125,405.45001220703125,8400,0.0,0.0,0.0
SEL.NS,2024-06-03 00:00:00+05:30,421.5,425.70001220703125,392.6000061035156,392.6000061035156,11200,0.0,0.0,0.0
SEL.NS,2024-06-04 00:00:00+05:30,375.0,392.0,373.0,373.0,14000,0.0,0.0,0.0
SEL.NS,2024-06-05 00:00:00+05:30,355.0,376.0,354.3500061035156,376.0,7600,0.0,0.0,0.0
SEL.NS,2024-06-06 00:00:00+05:30,394.0,394.79998779296875,394.0,394.79998779296875,4800,0.0,0.0,0.0
SEL.NS,2024-06-07 00:00:00+05:30,431.8999938964844,434.25,427.0,434.25,7600,0.0,0.0,0.0
SEL.NS,2024-06-10 00:00:00+05:30,474.0,477.6499938964844,442.95001220703125,457.0,20000,0.0,0.0,0.0
SEL.NS,2024-06-11 00:00:00+05:30,478.0,478.0,411.5,417.0,20400,0.0,0.0,0.0
SEL.NS,2024-06-12 00:00:00+05:30,398.0,440.0,398.0,428.0,10000,0.0,0.0,0.0
SEL.NS,2024-06-13 00:00:00+05:30,428.0,428.0,412.1000061035156,413.1499938964844,2400,0.0,0.0,0.0
SEL.NS,2024-06-14 00:00:00+05:30,401.0,454.0,389.0,437.0,16800,0.0,0.0,0.0
SEL.NS,2024-06-18 00:00:00+05:30,437.0,437.0,416.0,424.3999938964844,10000,0.0,0.0,0.0
SEL.NS,2024-06-19 00:00:00+05:30,420.04998779296875,434.95001220703125,408.1000061035156,433.0,4800,0.0,0.0,0.0
SEL.NS,2024-06-20 00:00:00+05:30,433.0,433.0,417.0,418.1000061035156,6000,0.0,0.0,0.0
SEL.NS,2024-06-21 00:00:00+05:30,418.1000061035156,421.0,408.0,411.0,4400,0.0,0.0,0.0
SEL.NS,2024-06-24 00:00:00+05:30,411.0,411.0,405.0,405.0,2400,0.0,0.0,0.0
SEL.NS,2024-06-25 00:00:00+05:30,410.0,418.0,405.0,405.0,8400,0.0,0.0,0.0
SEL.NS,2024-06-26 00:00:00+05:30,405.0,414.0,399.0,410.5,8800,0.0,0.0,0.0
SEL.NS,2024-06-27 00:00:00+05:30,392.0,409.0,385.0,395.0,6800,0.0,0.0,0.0
SEL.NS,2024-06-28 00:00:00+05:30,419.0,419.0,407.8999938964844,407.8999938964844,2000,0.0,0.0,0.0
SEL.NS,2024-07-01 00:00:00+05:30,407.8999938964844,407.8999938964844,385.04998779296875,389.5,8800,0.0,0.0,0.0
SEL.NS,2024-07-02 00:00:00+05:30,380.04998779296875,398.3500061035156,380.04998779296875,391.8999938964844,5600,0.0,0.0,0.0
SEL.NS,2024-07-03 00:00:00+05:30,393.0,404.8500061035156,385.5,393.0,8000,0.0,0.0,0.0
SEL.NS,2024-07-04 00:00:00+05:30,392.0,405.0,389.0,397.75,8400,0.0,0.0,0.0
SEL.NS,2024-07-05 00:00:00+05:30,392.0,398.0,385.0,392.6000061035156,7600,0.0,0.0,0.0
SEL.NS,2024-07-08 00:00:00+05:30,375.0,377.1000061035156,375.0,376.5,3600,0.0,0.0,0.0
SEL.NS,2024-07-09 00:00:00+05:30,377.0,389.8999938964844,377.0,386.29998779296875,3600,0.0,0.0,0.0
SEL.NS,2024-07-10 00:00:00+05:30,385.75,385.75,365.0,371.54998779296875,5600,0.0,0.0,0.0
SEL.NS,2024-07-11 00:00:00+05:30,356.0,394.79998779296875,353.3500061035156,391.1499938964844,13600,0.0,0.0,0.0
SEL.NS,2024-07-12 00:00:00+05:30,397.0,400.04998779296875,375.0,380.0,4400,0.0,0.0,0.0
SEL.NS,2024-07-15 00:00:00+05:30,380.0,387.0,363.3999938964844,376.1499938964844,8800,0.0,0.0,0.0
SEL.NS,2024-07-16 00:00:00+05:30,376.1499938964844,389.0,376.1499938964844,389.0,800,0.0,0.0,0.0
SEL.NS,2024-07-18 00:00:00+05:30,380.0,388.0,372.1000061035156,372.1000061035156,4000,0.0,0.0,0.0
SEL.NS,2024-07-19 00:00:00+05:30,380.0,386.0,365.0,383.54998779296875,8400,0.0,0.0,0.0
SEL.NS,2024-07-22 00:00:00+05:30,370.0,381.0,363.3999938964844,370.6499938964844,6400,0.0,0.0,0.0
SEL.NS,2024-07-23 00:00:00+05:30,387.0,387.0,360.0,360.1000061035156,4800,0.0,0.0,0.0
SEL.NS,2024-07-24 00:00:00+05:30,360.1000061035156,360.1000061035156,360.1000061035156,360.1000061035156,0,0.0,0.0,0.0
SEL.NS,2024-07-25 00:00:00+05:30,378.95001220703125,380.04998779296875,372.3500061035156,372.3500061035156,4400,0.0,0.0,0.0
SEL.NS,2024-07-26 00:00:00+05:30,394.5,400.0,375.54998779296875,380.0,6400,0.0,0.0,0.0
SEL.NS,2024-07-29 00:00:00+05:30,391.95001220703125,418.0,391.95001220703125,418.0,27200,0.0,0.0,0.0
SEL.NS,2024-07-30 00:00:00+05:30,447.8999938964844,459.79998779296875,430.0,459.79998779296875,27600,0.0,0.0,0.0
SEL.NS,2024-07-31 00:00:00+05:30,482.75,482.75,450.0,482.75,25200,0.0,0.0,0.0
SEL.NS,2024-08-01 00:00:00+05:30,485.0,495.5,475.0,482.0,19600,0.0,0.0,0.0
SEL.NS,2024-08-02 00:00:00+05:30,476.0,498.95001220703125,457.8999938964844,488.5,12000,0.0,0.0,0.0
SEL.NS,2024-08-05 00:00:00+05:30,482.0,512.9000244140625,464.1000061035156,492.70001220703125,23200,0.0,0.0,0.0
SEL.NS,2024-08-06 00:00:00+05:30,511.0,517.2999877929688,500.0,513.3499755859375,23200,0.0,0.0,0.0
SEL.NS,2024-08-07 00:00:00+05:30,538.5,538.9000244140625,507.0,533.5,15600,0.0,0.0,0.0
SEL.NS,2024-08-08 00:00:00+05:30,510.0,560.1500244140625,510.0,560.1500244140625,17200,0.0,0.0,0.0
SEL.NS,2024-08-09 00:00:00+05:30,584.9500122070312,588.1500244140625,555.0999755859375,585.6500244140625,34800,0.0,0.0,0.0
SEL.NS,2024-08-12 00:00:00+05:30,573.9500122070312,614.9000244140625,557.5999755859375,609.9500122070312,22000,0.0,0.0,0.0
SEL.NS,2024-08-13 00:00:00+05:30,639.5,640.4000244140625,635.0,640.4000244140625,4800,0.0,0.0,0.0
SEL.NS,2024-08-14 00:00:00+05:30,672.4000244140625,672.4000244140625,630.0,661.0,34400,0.0,0.0,0.0
SEL.NS,2024-08-16 00:00:00+05:30,680.0,694.0499877929688,660.0499877929688,694.0499877929688,17200,0.0,0.0,0.0
SEL.NS,2024-08-19 00:00:00+05:30,728.0,728.75,725.0,728.75,6400,0.0,0.0,0.0
SEL.NS,2024-08-20 00:00:00+05:30,765.1500244140625,765.1500244140625,765.1500244140625,765.1500244140625,5200,0.0,0.0,0.0
SEL.NS,2024-08-21 00:00:00+05:30,803.0,803.4000244140625,803.0,803.4000244140625,6400,0.0,0.0,0.0
SEL.NS,2024-08-22 00:00:00+05:30,838.0,843.5499877929688,763.25,843.5499877929688,28000,0.0,0.0,0.0
SEL.NS,2024-08-23 00:00:00+05:30,835.0,885.5,835.0,865.9500122070312,13200,0.0,0.0,0.0
SEL.NS,2024-08-26 00:00:00+05:30,865.9500122070312,909.2000122070312,822.6500244140625,823.0,15200,0.0,0.0,0.0
SEL.NS,2024-08-27 00:00:00+05:30,823.0,823.0,781.8499755859375,781.8499755859375,12400,0.0,0.0,0.0
SEL.NS,2024-08-28 00:00:00+05:30,742.75,742.75,742.75,742.75,800,0.0,0.0,0.0
SEL.NS,2024-08-29 00:00:00+05:30,705.6500244140625,705.6500244140625,705.6500244140625,705.6500244140625,2800,0.0,0.0,0.0
SEL.NS,2024-08-30 00:00:00+05:30,670.4000244140625,715.0,670.4000244140625,714.9500122070312,16400,0.0,0.0,0.0
SEL.NS,2024-09-02 00:00:00+05:30,714.9500122070312,737.9500122070312,685.0,699.4000244140625,10400,0.0,0.0,0.0
SEL.NS,2024-09-03 00:00:00+05:30,676.0,678.1500244140625,664.4500122070312,664.4500122070312,6800,0.0,0.0,0.0
SEL.NS,2024-09-04 00:00:00+05:30,640.0,655.0,631.25,647.0,7200,0.0,0.0,0.0
SEL.NS,2024-09-05 00:00:00+05:30,648.0,650.0,620.0499877929688,650.0,2000,0.0,0.0,0.0
SEL.NS,2024-09-06 00:00:00+05:30,649.9500122070312,670.0,649.9500122070312,662.1500244140625,8000,0.0,0.0,0.0
SEL.NS,2024-09-09 00:00:00+05:30,632.0,695.25,632.0,695.25,10400,0.0,0.0,0.0
SEL.NS,2024-09-10 00:00:00+05:30,715.0,729.9500122070312,715.0,722.0499877929688,5600,0.0,0.0,0.0
SEL.NS,2024-09-11 00:00:00+05:30,758.1500244140625,758.1500244140625,754.9500122070312,758.1500244140625,6000,0.0,0.0,0.0
SEL.NS,2024-09-12 00:00:00+05:30,795.7000122070312,796.0499877929688,795.7000122070312,795.9000244140625,3200,0.0,0.0,0.0
SEL.NS,2024-09-13 00:00:00+05:30,835.6500244140625,835.6500244140625,790.0,797.0,6800,0.0,0.0,0.0
SEL.NS,2024-09-16 00:00:00+05:30,800.0,810.0,757.1500244140625,757.1500244140625,10000,0.0,0.0,0.0
SEL.NS,2024-09-17 00:00:00+05:30,757.1500244140625,757.1500244140625,757.1500244140625,757.1500244140625,0,0.0,0.0,0.0
SEL.NS,2024-09-18 00:00:00+05:30,740.0,795.0,719.2999877929688,778.2999877929688,8800,0.0,0.0,0.0
SEL.NS,2024-09-19 00:00:00+05:30,740.2000122070312,805.0,740.2000122070312,792.1500244140625,9200,0.0,0.0,0.0
SEL.NS,2024-09-20 00:00:00+05:30,781.0,790.0,752.5499877929688,752.5499877929688,7600,0.0,0.0,0.0
SEL.NS,2024-09-23 00:00:00+05:30,764.9500122070312,764.9500122070312,714.9500122070312,714.9500122070312,6000,0.0,0.0,0.0
SEL.NS,2024-09-24 00:00:00+05:30,690.0,700.0,679.2000122070312,679.2000122070312,5600,0.0,0.0,0.0
SEL.NS,2024-09-25 00:00:00+05:30,656.0499877929688,657.0,648.5,650.0499877929688,2800,0.0,0.0,0.0
SEL.NS,2024-09-26 00:00:00+05:30,660.0,682.5499877929688,660.0,682.5499877929688,5200,0.0,0.0,0.0
SEL.NS,2024-09-27 00:00:00+05:30,695.7999877929688,695.7999877929688,673.0,673.0,1600,0.0,0.0,0.0
SEL.NS,2024-09-30 00:00:00+05:30,639.3499755859375,640.0,639.3499755859375,639.3499755859375,4800,0.0,0.0,0.0
SEL.NS,2024-10-01 00:00:00+05:30,665.0,665.0,615.0499877929688,618.6500244140625,5600,0.0,0.0,0.0
SEL.NS,2024-10-03 00:00:00+05:30,600.0499877929688,600.0499877929688,587.75,587.75,10800,0.0,0.0,0.0
SEL.NS,2024-10-04 00:00:00+05:30,559.0,590.0,558.4000244140625,559.9000244140625,9600,0.0,0.0,0.0
SEL.NS,2024-10-07 00:00:00+05:30,539.0499877929688,550.0,531.9000244140625,531.9000244140625,4800,0.0,0.0,0.0
SEL.NS,2024-10-08 00:00:00+05:30,520.0,558.4500122070312,505.29998779296875,558.0,12000,0.0,0.0,0.0
SEL.NS,2024-10-09 00:00:00+05:30,560.0,575.0,560.0,571.6500244140625,1600,0.0,0.0,0.0
SEL.NS,2024-10-10 00:00:00+05:30,598.0,600.2000122070312,590.0,600.0999755859375,5600,0.0,0.0,0.0
SEL.NS,2024-10-11 00:00:00+05:30,620.0,626.0,602.0,621.4000244140625,6800,0.0,0.0,0.0
SEL.NS,2024-10-14 00:00:00+05:30,615.0,650.0,614.0,650.0,2800,0.0,0.0,0.0
SEL.NS,2024-10-15 00:00:00+05:30,650.0,650.0,650.0,650.0,400,0.0,0.0,0.0
SEL.NS,2024-10-16 00:00:00+05:30,625.0,625.0,618.0,618.0,2400,0.0,0.0,0.0
SEL.NS,2024-10-17 00:00:00+05:30,605.6500244140625,605.6500244140625,605.6500244140625,605.6500244140625,400,0.0,0.0,0.0
SEL.NS,2024-10-18 00:00:00+05:30,593.5499877929688,593.5499877929688,593.5499877929688,593.5499877929688,400,0.0,0.0,0.0
SEL.NS,2024-10-21 00:00:00+05:30,581.7999877929688,581.7999877929688,581.7999877929688,581.7999877929688,400,0.0,0.0,0.0
SEL.NS,2024-10-22 00:00:00+05:30,581.7999877929688,581.7999877929688,581.7999877929688,581.7999877929688,0,0.0,0.0,0.0
SEL.NS,2024-10-23 00:00:00+05:30,581.7999877929688,581.7999877929688,581.7999877929688,581.7999877929688,0,0.0,0.0,0.0
SEL.NS,2024-10-24 00:00:00+05:30,581.7999877929688,581.7999877929688,581.7999877929688,581.7999877929688,0,0.0,0.0,0.0
SEL.NS,2024-10-25 00:00:00+05:30,581.7999877929688,581.7999877929688,581.7999877929688,581.7999877929688,0,0.0,0.0,0.0
SEL.NS,2024-10-28 00:00:00+05:30,570.2000122070312,570.2000122070312,570.2000122070312,570.2000122070312,400,0.0,0.0,0.0
SEL.NS,2024-10-29 00:00:00+05:30,570.2000122070312,570.2000122070312,570.2000122070312,570.2000122070312,0,0.0,0.0,0.0
SEL.NS,2024-10-30 00:00:00+05:30,558.7999877929688,558.7999877929688,558.7999877929688,558.7999877929688,1200,0.0,0.0,0.0
SEL.NS,2024-10-31 00:00:00+05:30,547.6500244140625,547.6500244140625,547.6500244140625,547.6500244140625,400,0.0,0.0,0.0
SEL.NS,2024-11-01 00:00:00+05:30,536.7000122070312,536.7000122070312,536.7000122070312,536.7000122070312,1000,0.0,0.0,0.0
SEL.NS,2024-11-04 00:00:00+05:30,526.0,526.0,526.0,526.0,2000,0.0,0.0,0.0
SEL.NS,2024-11-05 00:00:00+05:30,518.1500244140625,518.1500244140625,515.5,518.1500244140625,2200,0.0,0.0,0.0
SEL.NS,2024-11-06 00:00:00+05:30,528.5,528.5,521.5,528.5,1600,0.0,0.0,0.0
SEL.NS,2024-11-07 00:00:00+05:30,539.0499877929688,539.0499877929688,538.9500122070312,539.0499877929688,2000,0.0,0.0,0.0
SEL.NS,2024-11-08 00:00:00+05:30,549.7999877929688,549.7999877929688,539.0499877929688,549.7999877929688,2800,0.0,0.0,0.0
SEL.NS,2024-11-11 00:00:00+05:30,560.75,560.75,560.75,560.75,800,0.0,0.0,0.0
SEL.NS,2024-11-12 00:00:00+05:30,560.75,560.75,549.5499877929688,560.75,1800,0.0,0.0,0.0
SEL.NS,2024-11-13 00:00:00+05:30,549.5499877929688,549.5499877929688,549.5499877929688,549.5499877929688,400,0.0,0.0,0.0
SEL.NS,2024-11-14 00:00:00+05:30,549.5499877929688,549.5499877929688,549.5499877929688,549.5499877929688,0,0.0,0.0,0.0
SEL.NS,2024-11-18 00:00:00+05:30,549.5499877929688,549.5499877929688,549.5499877929688,549.5499877929688,0,0.0,0.0,0.0
SEL.NS,2024-11-19 00:00:00+05:30,517.25,517.25,517.25,517.25,400,0.0,0.0,0.0
SEL.NS,2024-11-21 00:00:00+05:30,517.25,517.25,517.25,517.25,0,0.0,0.0,0.0
SEL.NS,2024-11-22 00:00:00+05:30,517.25,517.25,517.25,517.25,0,0.0,0.0,0.0
SEL.NS,2024-11-25 00:00:00+05:30,489.0,521.5999755859375,472.0,520.25,18200,0.0,0.0,0.0
SEL.NS,2024-11-26 00:00:00+05:30,534.0,534.0,528.0,531.5,2400,0.0,0.0,0.0
SEL.NS,2024-11-27 00:00:00+05:30,549.9500122070312,549.9500122070312,506.0,547.3499755859375,3400,0.0,0.0,0.0
SEL.NS,2024-11-28 00:00:00+05:30,564.9500122070312,564.9500122070312,559.9000244140625,560.0,600,0.0,0.0,0.0
SEL.NS,2024-11-29 00:00:00+05:30,565.9500122070312,565.9500122070312,550.0,565.4500122070312,2000,0.0,0.0,0.0
SEL.NS,2024-12-02 00:00:00+05:30,555.5499877929688,565.0,537.2000122070312,541.4000244140625,5800,0.0,0.0,0.0
SEL.NS,2024-12-03 00:00:00+05:30,541.4000244140625,564.9000244140625,541.4000244140625,563.25,1600,0.0,0.0,0.0
SEL.NS,2024-12-04 00:00:00+05:30,541.0,589.8499755859375,540.6500244140625,577.5499877929688,6400,0.0,0.0,0.0
SEL.NS,2024-12-05 00:00:00+05:30,605.0,605.0,570.0,591.4000244140625,6000,0.0,0.0,0.0
SEL.NS,2024-12-06 00:00:00+05:30,590.7999877929688,600.0,588.0,591.1500244140625,2200,0.0,0.0,0.0
SEL.NS,2024-12-09 00:00:00+05:30,600.5,619.9500122070312,566.0,610.2000122070312,4800,0.0,0.0,0.0
SEL.NS,2024-12-10 00:00:00+05:30,619.9500122070312,638.9000244140625,600.0,627.5,2600,0.0,0.0,0.0
SEL.NS,2024-12-11 00:00:00+05:30,634.0,634.0,621.0,634.0,1800,0.0,0.0,0.0
SEL.NS,2024-12-12 00:00:00+05:30,605.0,644.5999755859375,605.0,644.5999755859375,1000,0.0,0.0,0.0
SEL.NS,2024-12-13 00:00:00+05:30,640.0,640.0,612.4000244140625,615.0,800,0.0,0.0,0.0
SEL.NS,2024-12-16 00:00:00+05:30,600.0,605.0999755859375,590.0,605.0999755859375,1400,0.0,0.0,0.0
SEL.NS,2024-12-17 00:00:00+05:30,590.5,605.0,574.8499755859375,603.2999877929688,2600,0.0,0.0,0.0
SEL.NS,2024-12-18 00:00:00+05:30,585.0,585.0,573.1500244140625,573.1500244140625,3000,0.0,0.0,0.0
SEL.NS,2024-12-19 00:00:00+05:30,545.0,569.0499877929688,544.5,569.0499877929688,4400,0.0,0.0,0.0
SEL.NS,2024-12-20 00:00:00+05:30,570.0,570.0,570.0,570.0,200,0.0,0.0,0.0
SEL.NS,2024-12-23 00:00:00+05:30,570.0,570.0,570.0,570.0,0,0.0,0.0,0.0
SEL.NS,2024-12-24 00:00:00+05:30,570.0,570.0,570.0,570.0,0,0.0,0.0,0.0
SEL.NS,2024-12-26 00:00:00+05:30,589.0,589.0,560.5,587.0,1000,0.0,0.0,0.0
SEL.NS,2024-12-27 00:00:00+05:30,557.6500244140625,610.0,557.6500244140625,589.8499755859375,5000,0.0,0.0,0.0
SEL.NS,2024-12-30 00:00:00+05:30,561.0,561.0,560.3499755859375,560.4500122070312,1400,0.0,0.0,0.0
SEL.NS,2024-12-31 00:00:00+05:30,565.0,565.0,535.0499877929688,546.5,1200,0.0,0.0,0.0
SEL.NS,2025-01-01 00:00:00+05:30,530.0,540.5,530.0,537.2999877929688,1200,0.0,0.0,0.0
SEL.NS,2025-01-02 00:00:00+05:30,535.0,556.0,535.0,541.0,2000,0.0,0.0,0.0
SEL.NS,2025-01-03 00:00:00+05:30,533.0,533.0,521.0,527.0999755859375,2400,0.0,0.0,0.0
SEL.NS,2025-01-06 00:00:00+05:30,517.0,517.0,515.0,515.5,1800,0.0,0.0,0.0
SEL.NS,2025-01-07 00:00:00+05:30,520.0,525.0,520.0,520.0,4600,0.0,0.0,0.0
SEL.NS,2025-01-08 00:00:00+05:30,540.0,546.0,540.0,546.0,8200,0.0,0.0,0.0
SEL.NS,2025-01-09 00:00:00+05:30,573.2999877929688,573.2999877929688,573.2999877929688,573.2999877929688,1200,0.0,0.0,0.0
SEL.NS,2025-01-10 00:00:00+05:30,601.9500122070312,601.9500122070312,575.0,601.9500122070312,6800,0.0,0.0,0.0
SEL.NS,2025-01-13 00:00:00+05:30,580.0,590.0,571.8499755859375,571.9000244140625,2400,0.0,0.0,0.0
SEL.NS,2025-01-14 00:00:00+05:30,547.2000122070312,585.0,543.2999877929688,585.0,3200,0.0,0.0,0.0
SEL.NS,2025-01-15 00:00:00+05:30,580.0,600.0,555.75,560.6500244140625,1800,0.0,0.0,0.0
SEL.NS,2025-01-16 00:00:00+05:30,569.0499877929688,569.0499877929688,569.0499877929688,569.0499877929688,200,0.0,0.0,0.0
SEL.NS,2025-01-17 00:00:00+05:30,541.0499877929688,592.4000244140625,540.6500244140625,584.8499755859375,2400,0.0,0.0,0.0
SEL.NS,2025-01-20 00:00:00+05:30,560.0,560.0,555.5999755859375,556.0,2000,0.0,0.0,0.0
SEL.NS,2025-01-21 00:00:00+05:30,534.0,534.0,534.0,534.0,200,0.0,0.0,0.0
SEL.NS,2025-01-22 00:00:00+05:30,534.0,534.0,534.0,534.0,0,0.0,0.0,0.0
SEL.NS,2025-01-23 00:00:00+05:30,533.0,533.0,507.29998779296875,507.29998779296875,1200,0.0,0.0,0.0
SEL.NS,2025-01-24 00:00:00+05:30,531.0,531.0,526.0,526.0,400,0.0,0.0,0.0
SEL.NS,2025-01-27 00:00:00+05:30,526.0,526.0,526.0,526.0,0,0.0,0.0,0.0
SEL.NS,2025-01-28 00:00:00+05:30,526.0,526.0,526.0,526.0,0,0.0,0.0,0.0
SEL.NS,2025-01-29 00:00:00+05:30,474.75,497.0,474.75,497.0,1000,0.0,0.0,0.0
SEL.NS,2025-01-30 00:00:00+05:30,480.0,510.0,473.6000061035156,506.8999938964844,1600,0.0,0.0,0.0
SEL.NS,2025-01-31 00:00:00+05:30,483.5,483.5,481.54998779296875,481.54998779296875,1800,0.0,0.0,0.0
SEL.NS,2025-02-01 00:00:00+05:30,481.54998779296875,500.0,475.0,475.1000061035156,1200,0.0,0.0,0.0
SEL.NS,2025-02-03 00:00:00+05:30,453.1000061035156,453.25,451.3500061035156,453.0,1800,0.0,0.0,0.0
SEL.NS,2025-02-04 00:00:00+05:30,430.3500061035156,475.0,430.3500061035156,460.45001220703125,3800,0.0,0.0,0.0
SEL.NS,2025-02-05 00:00:00+05:30,472.0,480.0,457.0,467.29998779296875,3200,0.0,0.0,0.0
SEL.NS,2025-02-06 00:00:00+05:30,467.29998779296875,467.29998779296875,467.29998779296875,467.29998779296875,0,0.0,0.0,0.0
SEL.NS,2025-02-07 00:00:00+05:30,445.0,468.0,445.0,466.5,600,0.0,0.0,0.0
SEL.NS,2025-02-10 00:00:00+05:30,459.0,459.0,443.20001220703125,443.20001220703125,1400,0.0,0.0,0.0
SEL.NS,2025-02-11 00:00:00+05:30,421.04998779296875,421.04998779296875,421.04998779296875,421.04998779296875,1200,0.0,0.0,0.0
SEL.NS,2025-02-12 00:00:00+05:30,400.0,400.0,400.0,400.0,800,0.0,0.0,0.0
SEL.NS,2025-02-13 00:00:00+05:30,380.3500061035156,410.0,380.0,382.3500061035156,4200,0.0,0.0,0.0
SEL.NS,2025-02-14 00:00:00+05:30,372.0,380.0,363.25,380.0,4000,0.0,0.0,0.0
SEL.NS,2025-02-17 00:00:00+05:30,365.3500061035156,399.0,365.3500061035156,399.0,3400,0.0,0.0,0.0
SEL.NS,2025-02-18 00:00:00+05:30,407.0,407.0,379.04998779296875,397.0,1200,0.0,0.0,0.0
SEL.NS,2025-02-19 00:00:00+05:30,400.0,400.0,377.1499938964844,378.1000061035156,2600,0.0,0.0,0.0
SEL.NS,2025-02-20 00:00:00+05:30,394.0,396.0,394.0,396.0,400,0.0,0.0,0.0
SEL.NS,2025-02-21 00:00:00+05:30,395.0,396.0,395.0,396.0,600,0.0,0.0,0.0
SEL.NS,2025-02-24 00:00:00+05:30,396.0,400.0,396.0,399.0,800,0.0,0.0,0.0
SEL.NS,2025-02-25 00:00:00+05:30,399.0,399.0,399.0,399.0,200,0.0,0.0,0.0
SEL.NS,2025-02-27 00:00:00+05:30,380.0,380.0,379.04998779296875,379.04998779296875,400,0.0,0.0,0.0
SEL.NS,2025-02-28 00:00:00+05:30,379.04998779296875,379.04998779296875,379.04998779296875,379.04998779296875,0,0.0,0.0,0.0
SEL.NS,2025-03-03 00:00:00+05:30,350.0,350.0,342.1000061035156,342.1000061035156,1000,0.0,0.0,0.0
SEL.NS,2025-03-04 00:00:00+05:30,325.25,354.0,325.0,351.25,6400,0.0,0.0,0.0
SEL.NS,2025-03-05 00:00:00+05:30,360.0,368.79998779296875,333.70001220703125,351.45001220703125,2800,0.0,0.0,0.0
SEL.NS,2025-03-06 00:00:00+05:30,350.0,355.0,350.0,355.0,1600,0.0,0.0,0.0
SEL.NS,2025-03-07 00:00:00+05:30,355.0,370.0,350.0,359.5,1600,0.0,0.0,0.0
SEL.NS,2025-03-10 00:00:00+05:30,342.1499938964844,368.0,341.54998779296875,349.04998779296875,1800,0.0,0.0,0.0
SEL.NS,2025-03-11 00:00:00+05:30,331.6499938964844,331.6499938964844,331.6000061035156,331.6000061035156,600,0.0,0.0,0.0
SEL.NS,2025-03-12 00:00:00+05:30,315.04998779296875,319.5,315.04998779296875,316.0,3800,0.0,0.0,0.0
SEL.NS,2025-03-13 00:00:00+05:30,300.20001220703125,301.0,300.20001220703125,301.0,9800,0.0,0.0,0.0
SEL.NS,2025-03-17 00:00:00+05:30,287.0,312.0,287.0,301.0,7600,0.0,0.0,0.0
SEL.NS,2025-03-18 00:00:00+05:30,301.0,301.0,301.0,301.0,0,0.0,0.0,0.0
SEL.NS,2025-03-19 00:00:00+05:30,301.0,316.0,301.0,314.0,1800,0.0,0.0,0.0
SEL.NS,2025-03-20 00:00:00+05:30,320.0,322.0,307.0,307.0,1800,0.0,0.0,0.0
SEL.NS,2025-03-21 00:00:00+05:30,307.0,310.0,301.0,310.0,2000,0.0,0.0,0.0
SEL.NS,2025-03-24 00:00:00+05:30,294.5,300.0,294.5,294.8500061035156,18800,0.0,0.0,0.0
SEL.NS,2025-03-25 00:00:00+05:30,309.54998779296875,309.54998779296875,309.54998779296875,309.54998779296875,11400,0.0,0.0,0.0
SEL.NS,2025-03-26 00:00:00+05:30,322.95001220703125,322.95001220703125,297.0,297.0,13200,0.0,0.0,0.0
SEL.NS,2025-03-27 00:00:00+05:30,285.0,295.0,282.1499938964844,282.1499938964844,5600,0.0,0.0,0.0
SEL.NS,2025-03-28 00:00:00+05:30,282.1499938964844,282.1499938964844,268.04998779296875,274.75,6800,0.0,0.0,0.0
SEL.NS,2025-04-01 00:00:00+05:30,274.75,288.3999938964844,274.75,288.3999938964844,3200,0.0,0.0,0.0
SEL.NS,2025-04-02 00:00:00+05:30,288.3999938964844,288.3999938964844,288.3999938964844,288.3999938964844,0,0.0,0.0,0.0
SEL.NS,2025-04-03 00:00:00+05:30,280.0,302.0,280.0,288.0,1600,0.0,0.0,0.0
SEL.NS,2025-04-04 00:00:00+05:30,288.0,288.0,276.5,285.0,1000,0.0,0.0,0.0
SEL.NS,2025-04-07 00:00:00+05:30,271.0,283.0,270.75,282.5,2000,0.0,0.0,0.0
SEL.NS,2025-04-08 00:00:00+05:30,282.6000061035156,282.6000061035156,282.6000061035156,282.6000061035156,600,0.0,0.0,0.0
SEL.NS,2025-04-09 00:00:00+05:30,282.6000061035156,282.6000061035156,282.6000061035156,282.6000061035156,200,0.0,0.0,0.0
SEL.NS,2025-04-11 00:00:00+05:30,282.6000061035156,283.20001220703125,271.1000061035156,271.1000061035156,1800,0.0,0.0,0.0
SEL.NS,2025-04-15 00:00:00+05:30,260.0,284.6499938964844,257.54998779296875,284.6499938964844,1600,0.0,0.0,0.0
SEL.NS,2025-04-16 00:00:00+05:30,295.0,298.8500061035156,290.0,295.0,1800,0.0,0.0,0.0
SEL.NS,2025-04-17 00:00:00+05:30,295.0,295.0,295.0,295.0,0,0.0,0.0,0.0
SEL.NS,2025-04-21 00:00:00+05:30,291.0,299.8999938964844,291.0,295.0,1000,0.0,0.0,0.0
SEL.NS,2025-04-22 00:00:00+05:30,285.0,299.79998779296875,285.0,299.0,1400,0.0,0.0,0.0
SEL.NS,2025-04-23 00:00:00+05:30,298.0,299.0,287.0,299.0,2200,0.0,0.0,0.0
SEL.NS,2025-04-24 00:00:00+05:30,299.0,313.95001220703125,299.0,313.8999938964844,2800,0.0,0.0,0.0
SEL.NS,2025-04-25 00:00:00+05:30,329.54998779296875,329.54998779296875,305.5,317.29998779296875,4600,0.0,0.0,0.0
SEL.NS,2025-04-28 00:00:00+05:30,310.0,333.1000061035156,310.0,333.0,1000,0.0,0.0,0.0
SEL.NS,2025-04-29 00:00:00+05:30,334.0,334.0,334.0,334.0,200,0.0,0.0,0.0
SEL.NS,2025-04-30 00:00:00+05:30,321.0,322.0,317.29998779296875,317.29998779296875,1200,0.0,0.0,0.0
SEL.NS,2025-05-02 00:00:00+05:30,317.29998779296875,317.29998779296875,317.29998779296875,317.29998779296875,0,0.0,0.0,0.0
SEL.NS,2025-05-05 00:00:00+05:30,310.0,332.6000061035156,305.0,321.20001220703125,1200,0.0,0.0,0.0
SEL.NS,2025-05-06 00:00:00+05:30,310.1499938964844,310.1499938964844,305.1499938964844,305.1499938964844,1800,0.0,0.0,0.0
SEL.NS,2025-05-07 00:00:00+05:30,291.1000061035156,291.1000061035156,289.8999938964844,290.29998779296875,600,0.0,0.0,0.0
SEL.NS,2025-05-08 00:00:00+05:30,292.0,292.0,292.0,292.0,400,0.0,0.0,0.0
SEL.NS,2025-05-09 00:00:00+05:30,277.3999938964844,278.0,277.3999938964844,277.3999938964844,2000,0.0,0.0,0.0
SEL.NS,2025-05-12 00:00:00+05:30,285.0,291.25,284.5,291.25,1400,0.0,0.0,0.0
SEL.NS,2025-05-13 00:00:00+05:30,301.1000061035156,305.79998779296875,301.1000061035156,305.79998779296875,1200,0.0,0.0,0.0
SEL.NS,2025-05-14 00:00:00+05:30,321.04998779296875,321.04998779296875,321.04998779296875,321.04998779296875,1600,0.0,0.0,0.0
SEL.NS,2025-05-15 00:00:00+05:30,337.0,337.1000061035156,334.5,336.0,3000,0.0,0.0,0.0
SEL.NS,2025-05-16 00:00:00+05:30,325.0,325.0,319.20001220703125,319.20001220703125,5000,0.0,0.0,0.0
SEL.NS,2025-05-19 00:00:00+05:30,303.3999938964844,310.0,303.3999938964844,307.29998779296875,1600,0.0,0.0,0.0
SEL.NS,2025-05-20 00:00:00+05:30,303.0,322.0,303.0,310.0,1600,0.0,0.0,0.0
SEL.NS,2025-05-21 00:00:00+05:30,310.0,324.6000061035156,310.0,313.0,2600,0.0,0.0,0.0
SEL.NS,2025-05-22 00:00:00+05:30,313.0,313.0,312.0,312.0,1200,0.0,0.0,0.0
SEL.NS,2025-05-23 00:00:00+05:30,312.0,312.0,312.0,312.0,0,0.0,0.0,0.0
SEL.NS,2025-05-26 00:00:00+05:30,297.0,305.0,297.0,304.5,2000,0.0,0.0,0.0
SEL.NS,2025-05-27 00:00:00+05:30,289.29998779296875,319.70001220703125,289.29998779296875,308.04998779296875,3200,0.0,0.0,0.0
SEL.NS,2025-05-28 00:00:00+05:30,323.0,323.45001220703125,321.79998779296875,323.45001220703125,4600,0.0,0.0,0.0
SEL.NS,2025-05-29 00:00:00+05:30,307.29998779296875,312.0,307.29998779296875,307.29998779296875,1400,0.0,0.0,0.0
SEL.NS,2025-05-30 00:00:00+05:30,319.79998779296875,319.79998779296875,312.0,312.0,1400,0.0,0.0,0.0
SEL.NS,2025-06-02 00:00:00+05:30,301.0,315.0,296.3999938964844,296.95001220703125,6600,0.0,0.0,0.0
SEL.NS,2025-06-03 00:00:00+05:30,296.95001220703125,296.95001220703125,296.95001220703125,296.95001220703125,0,0.0,0.0,0.0
SEL.NS,2025-06-04 00:00:00+05:30,305.0,305.0,300.0,300.0,400,0.0,0.0,0.0
SEL.NS,2025-06-05 00:00:00+05:30,300.0,314.3999938964844,300.0,314.0,4200,0.0,0.0,0.0
SEL.NS,2025-06-06 00:00:00+05:30,314.0,314.0,304.3999938964844,314.0,1000,0.0,0.0,0.0
SEL.NS,2025-06-09 00:00:00+05:30,314.0,314.0,304.0,304.0,2000,0.0,0.0,0.0
SEL.NS,2025-06-10 00:00:00+05:30,300.1000061035156,300.1000061035156,296.0,296.04998779296875,1400,0.0,0.0,0.0
SEL.NS,2025-06-11 00:00:00+05:30,298.04998779296875,310.8500061035156,298.0,310.8500061035156,1800,0.0,0.0,0.0
SEL.NS,2025-06-12 00:00:00+05:30,326.3500061035156,326.3500061035156,315.04998779296875,325.0,3600,0.0,0.0,0.0
SEL.NS,2025-06-13 00:00:00+05:30,310.0,325.0,310.0,324.0,6800,0.0,0.0,0.0
SEL.NS,2025-06-16 00:00:00+05:30,317.54998779296875,317.54998779296875,307.79998779296875,312.5,3200,0.0,0.0,0.0
SEL.NS,2025-06-17 00:00:00+05:30,312.5,320.0,302.0,314.25,4200,0.0,0.0,0.0
SEL.NS,2025-06-18 00:00:00+05:30,309.0,323.0,308.0,323.0,800,0.0,0.0,0.0
SEL.NS,2025-06-19 00:00:00+05:30,310.04998779296875,310.04998779296875,306.8500061035156,306.8500061035156,2000,0.0,0.0,0.0
